{
  "project_info": {
    "project_number": "771783481300",
    "firebase_url": "https://agrupameignite-default-rtdb.firebaseio.com",
    "project_id": "agrupameignite",
    "storage_bucket": "agrupameignite.appspot.com"
  },
  "client": [
    {
      "client_info": {
        "mobilesdk_app_id": "1:771783481300:android:1c79c6ce10ecbb1262e841",
        "android_client_info": {
          "package_name": "pt.ubi.di.agrupameadmin"
        }
      },
      "oauth_client": [
        {
          "client_id": "771783481300-fa9sifvghis4hjebe1f63741otnqn5ds.apps.googleusercontent.com",
          "client_type": 1,
          "android_info": {
            "package_name": "pt.ubi.di.agrupameadmin",
            "certificate_hash": "2af654afa3d16d8767b26435258c07b7b4b5a557"
          }
        },
        {
          "client_id": "771783481300-mstbsb8nkdim3stej2ivpqe5ugcb746r.apps.googleusercontent.com",
          "client_type": 3
        }
      ],
      "api_key": [
        {
          "current_key": "AIzaSyD79mRe3EHuhjEsoqv3HbCtbSOplYHKw_s"
        }
      ],
      "services": {
        "appinvite_service": {
          "other_platform_oauth_client": [
            {
              "client_id": "771783481300-mstbsb8nkdim3stej2ivpqe5ugcb746r.apps.googleusercontent.com",
              "client_type": 3
            }
          ]
        }
      }
    },
    {
      "client_info": {
        "mobilesdk_app_id": "1:771783481300:android:9c73e113261637d862e841",
        "android_client_info": {
          "package_name": "ubi.di"
        }
      },
      "oauth_client": [
        {
          "client_id": "771783481300-8jf55sc2vugnmjmv4pgijp69o3gvqsqi.apps.googleusercontent.com",
          "client_type": 1,
          "android_info": {
            "package_name": "ubi.di",
            "certificate_hash": "3d4e9f7c61d2d29758e8fe3c96e9e8b083970974"
          }
        },
        {
          "client_id": "771783481300-mstbsb8nkdim3stej2ivpqe5ugcb746r.apps.googleusercontent.com",
          "client_type": 3
        }
      ],
      "api_key": [
        {
          "current_key": "AIzaSyD79mRe3EHuhjEsoqv3HbCtbSOplYHKw_s"
        }
      ],
      "services": {
        "appinvite_service": {
          "other_platform_oauth_client": [
            {
              "client_id": "771783481300-mstbsb8nkdim3stej2ivpqe5ugcb746r.apps.googleusercontent.com",
              "client_type": 3
            }
          ]
        }
      }
    }
  ],
  "configuration_version": "1"
}